Kelimeler,TFIDF_Kume0_KelimeSayisi
and,3.1768357238297047
count,2.2847977060971276
declare,0.3294879522126933
distinct,0.3294879522126933
from,7.7054292212118165
in,0.9524125535484317
is,0.4245234913717551
like,2.958995960936952
max,0.5146100543260593
not,0.4245234913717551
null,0.4245234913717551
othertos,0.5146100543260593
select,8.248655126870721
top,1.7946237186808542
varchar,0.3294879522126933
where,6.238066735131484
