Kelimeler,TFIDF_Kume2_KelimeSayisi
and,1.8829285451981512
by,5.888018823188329
desc,5.888018823188329
from,4.29317510544164
like,5.382714718147522
lower,3.701900427916717
not,0.4129728162095022
number,2.487343441487362
or,3.337708051355897
order,5.888018823188329
over,2.487343441487362
row,2.487343441487362
select,4.29317510544164
top,4.360893989291312
upper,1.8735493763080469
where,3.4231044030354814
